customer_id,signup_date,age,gender,region,monthly_fee,total_streaming_hours,num_devices,plan_type,support_tickets_last_6mo,churned
bdd640fb-0667-4ad1-9c80-317fa3b1799d,2025-01-13,56.0,Non-binary,East,11.96,146.5,2,Standard,1,1
23b8c1e9-3924-46de-beb1-3b9046685257,2024-11-05,69.0,Male,West,9.11,111.7,5,Basic,0,0
bd9c66b3-ad3c-4d6d-9a3d-1fa7bc8960a9,2023-10-08,46.0,Female,South,11.54,100.6,3,Premium,0,0
972a8469-1641-4f82-8b9d-2434e465e150,2022-13-01,32.0,Male,East,18.48,169.3,2,Basic,2,0
17fc695a-07a0-4a6e-8822-e8f36c031199,2024-07-20,60.0,Male,South,8.04,49.0,5,Basic,1,0
9a1de644-815e-46d1-bb8f-aa1837f8a88b,2024-12-20,25.0,Non-binary,North,13.18,193.9,2,Premium,2,1
b74d0fb1-32e7-4629-8fad-c1a606cb0fb3,2024-11-29,78.0,Female,South,9.26,145.1,4,Premium,2,0
6b65a6a4-8b81-48f6-b38a-088ca65ed389,2025-02-13,38.0,Non-binary,North,14.13,47.9,1,Standard,1,0
47378190-96da-4dac-b2ff-5d2a386ecbe0,2023-10-09,56.0,Non-binary,South,18.07,149.9,2,Premium,3,0
c241330b-01a9-471f-9e8a-774bcf36d58b,2023-11-22,75.0,Female,East,18.32,110.7,1,Standard,1,0
6c307511-b2b9-437a-a8df-6ec4ce4a2bbd,2025-01-29,36.0,Male,East,9.3,144.4,5,Premium,1,0
371ecd7b-27cd-4130-8722-9389571aa876,2024-08-15,40.0,Male,North,18.7,155.9,1,Basic,0,1
1a2a73ed-562b-4f79-8374-59eef50bea63,2024-01-01,28.0,Female,West,14.28,26.6,2,Standard,0,0
5be6128e-18c2-4797-a142-ea7d17be3111,2025-07-22,28.0,Male,North,10.89,106.2,4,,0,0
43b7a3a6-9a8d-4a03-980d-7b71d8f56413,2024-09-10,41.0,Female,North,15.9,187.1,5,Standard,1,0
759cde66-bacf-43d0-8b1f-9163ce9ff57f,2024-02-06,70.0,Female,South,12.73,70.9,2,Basic,1,1
ec1b8ca1-f91e-4d4c-9ff4-9b7889463e85,2023-10-27,53.0,Non-binary,South,11.28,122.8,5,Basic,0,0
4b0dbb41-8d52-48f1-942c-3fe860e7a113,2024-04-07,57.0,Female,North,15.86,80.2,3,Basic,2,1
e2acf72f-9e57-4f7a-a0ee-89aed453dd32,2024-07-08,41.0,Non-binary,East,9.47,96.3,1,Basic,2,0
3139d32c-93cd-49bf-9c94-1cf0dc98d2c1,2024-05-29,20.0,Male,South,10.61,114.2,3,Basic,3,0
a9488d99-0bbb-4599-91ce-5dd2b45ed1f0,2024-02-29,39.0,Male,West,12.07,114.3,2,Standard,1,0
fc377a4c-4a15-444d-85e7-ce8a3a578a8e,2024-09-05,70.0,Male,South,9.54,48.3,4,Basic,0,0
ddd1dfb2-3b98-4ef8-9af6-1a26146d3f31,2024-05-28,19.0,Male,South,11.66,140.1,5,Standard,0,0
7412b293-4729-4739-a14f-f3d719db3ad0,2024-06-06,41.0,Non-binary,West,13.99,26.7,1,Basic,2,1
29a3b2e9-5d65-4441-9588-42dea2bc372f,2025-05-01,61.0,Male,North,16.36,36.4,5,Premium,1,0
ab9099a4-35a2-40ae-9af3-05535ec42e08,2025-08-01,47.0,Female,West,16.73,10.5,2,Standard,0,0
aefcfad8-efc8-4849-b3aa-7efe4458a885,2024-07-08,55.0,Female,North,17.51,32.2,5,Premium,1,0
a28defe3-9bf0-4273-9247-6f57a5e5a5ab,2024-04-21,19.0,Female,North,16.41,99.9,1,Standard,0,1
3eabedcb-baa8-4dd4-88bd-64072bcfbe01,2025-04-24,,Non-binary,North,15.52,125.2,2,Premium,2,1
451b4cf3-6123-4df7-b656-af7229d4beef,2025-06-25,38.0,Male,West,9.32,160.9,5,Basic,1,0
b02b61c4-a3d7-4628-ace6-6fa2fd5166e6,2024-08-10,50.0,Male,North,11.59,30.3,4,Basic,2,1
5304317f-af42-412f-b838-b3268e944239,2024-03-31,29.0,Male,East,12.68,171.6,2,Basic,0,0
0e51f30d-c6a7-4e39-84b0-32ccd7c524a5,2025-06-27,75.0,Non-binary,West,7.15,151.7,2,Standard,2,0
ce177b4e-0837-48a3-9261-a7ab3aa2e4f9,2023-11-20,39.0,,East,13.39,87.6,4,Premium,2,0
10f1bc81-448a-4a9e-a6b2-bc5b50c187fc,2024-09-17,78.0,Female,North,12.1,187.3,3,Basic,0,1
9132b63e-f162-47e4-a9c3-49e03602f8ac,2023-10-03,61.0,Male,South,17.22,198.3,1,Premium,2,0
366eb16f-508e-4ad7-b7c9-3acfe059a0ee,2025-04-21,,Female,North,19.68,49.0,3,Premium,0,0
e27a984d-6548-41d0-bfcd-9eb1a7cad415,2024-11-09,66.0,Female,East,13.77,82.1,5,Basic,1,0
24933b83-7577-40a9-a491-f0b2ea1fca65,2023-10-28,44.0,Non-binary,East,10.51,186.0,4,Basic,2,1
beb79919-3f22-4af8-a3be-d01d43cf2fde,2024-06-15,76.0,Non-binary,West,6.6,147.1,3,Premium,2,0
bf3c4c06-4343-48bc-89fa-6a688fb5d27b,2024-03-10,59.0,Non-binary,South,18.94,19.1,2,Basic,0,0
956269f0-e5d7-4875-adad-d6c795a76d79,TBD,45.0,Non-binary,West,18.86,158.5,5,Basic,1,0
ff50bde4-3825-47b8-9cab-cc97663f1c97,2023-11-10,,Male,East,9.53,167.3,5,Basic,2,0
7e570ddf-8270-40a8-a369-b584ff5e9ff0,2025-05-16,33.0,,North,15.73,152.6,3,Standard,1,0
dc713d96-0c0f-4195-817a-f08a1745d6d8,2025-02-05,32.0,Female,South,7.05,161.9,3,Premium,1,1
28f49481-a0a0-4dc4-a720-9bdf1c11f735,2023-10-19,79.0,Male,North,8.32,166.8,4,Premium,2,0
98ae4334-6c12-4ce8-ae34-0454cac5b68c,2025-04-25,79.0,Female,North,9.03,45.4,1,Standard,0,0
988c24c9-61b1-4d22-a280-1c4510435a10,2023-10-12,64.0,Female,South,10.11,54.8,3,Premium,0,0
405cacec-8774-49a9-b7d2-1e02ff01cf99,2024-03-28,79.0,Female,West,19.93,130.4,3,Basic,1,1
f143262f-dc5c-4eed-8da0-365bf89897b9,2024-02-19,68.0,Non-binary,North,15.75,182.5,2,Premium,1,0
1d53434b-b881-49b9-ae27-0da702f06b90,2025-06-30,61.0,Non-binary,East,11.37,70.1,5,Basic,0,0
c0398710-8976-4334-a281-7efdae849217,2023-10-03,72.0,Male,North,16.31,121.8,1,Standard,2,1
5715bd6f-a416-4293-84c2-e2e3444ea7c8,2025-01-12,69.0,Male,South,18.8,139.8,2,Basic,0,1
287d06ca-6f4c-469a-8b22-d3081c8eaee9,2024-01-14,74.0,Non-binary,South,19.41,95.9,4,Premium,0,1
b8db0672-f42d-47cc-80d4-af5974273ca3,2024-03-21,20.0,Female,South,6.8,145.6,4,Premium,2,1
f8cda88b-436d-46e2-b83c-fe0be037e5ed,2023-12-25,54.0,Male,West,11.51,180.9,3,Premium,3,0
81f76d1c-2dbc-4134-830f-f46e8026695f,2024-09-19,68.0,Non-binary,North,7.48,128.6,3,Standard,0,1
a013ac6e-deda-4e16-9b3d-bd5ce9a1fa6f,2025-02-18,24.0,Non-binary,West,10.69,112.6,4,Standard,0,0
81f631d4-a392-41a7-9777-a4774c66e0a8,2023-12-15,38.0,Non-binary,West,8.37,93.4,3,Premium,0,1
5fb8d16c-2720-497d-b2eb-d6899be578c7,2024-11-29,26.0,Female,South,15.05,119.7,1,Basic,0,0
f4188f3f-8a14-4e62-a95b-4715c333e861,2024-03-05,56.0,Non-binary,South,11.43,77.5,3,Standard,2,1
eb2263dd-87c5-421e-ac24-a3c5c754108f,2024-09-13,35.0,Non-binary,West,9.2,84.4,5,Premium,0,0
7d154385-52fb-443b-9954-6eb400257ad1,2025-03-14,21.0,Non-binary,North,9.71,111.1,3,Premium,2,0
5cec4eb5-edd9-4831-9ca3-5cfb04fc6d82,2024-04-04,42.0,Non-binary,East,11.03,22.7,2,Standard,1,0
ce88cb2d-d4e8-4839-bc3e-058be0f3eab0,2025-05-05,77.0,Male,West,9.63,53.5,1,Standard,0,1
3da9c2a9-0ed4-4f1a-bd4c-bf374eb93eff,2024-06-30,31.0,Male,North,12.34,113.1,2,Standard,2,1
14296c07-f26b-4776-913e-4de2e0c53cb8,2024-01-26,150.0,Non-binary,South,6.44,92.0,2,Basic,3,0
d0e6e660-7c69-4ee1-bb5e-4bcf15ed6269,2024-12-31,75.0,Female,South,9.91,73.2,5,Basic,1,0
885f6e66-c2b6-42c5-ba5d-310011b7e948,2025-01-01,26.0,Male,North,11.75,148.8,1,Premium,1,0
a8e56e0c-20de-435d-a031-d750c40db9b4,2025-04-20,43.0,Non-binary,East,14.43,141.8,1,Standard,0,0
2a45c2ab-8cbf-4db0-b264-accc79ac1b1e,2025-03-28,70.0,Male,South,9.78,41.7,1,Basic,0,1
9b49bd26-df57-459a-8715-a10343dac043,2023-12-15,19.0,Male,South,7.85,176.9,1,Standard,1,0
edcd465e-3638-4821-b6e0-7cc06c52c49f,2025-05-14,37.0,Female,South,7.06,104.1,1,Premium,2,0
b09b2a5c-badc-432a-8159-0f538a0f4efb,2025-06-15,45.0,Non-binary,North,19.16,150.9,5,Basic,1,1
66245bfa-4fcc-439a-b683-d2e6337ea2df,2024-01-23,64.0,Non-binary,West,11.82,118.9,3,Basic,1,0
5f987c71-a65e-488e-abf3-ad39fec21bbe,2024-05-16,77.0,Female,South,14.13,199.6,2,Basic,4,0
7394988f-847f-49b4-a64d-1bcb702753a1,2023-12-10,24.0,Female,West,18.86,153.0,1,Premium,2,0
1064005c-3985-43cf-bf76-be1d1efa2197,2024-12-10,,Non-binary,East,7.15,144.3,3,Standard,0,0
8dcdcd03-969b-4662-8562-8059568cc69b,2023-10-07,78.0,Non-binary,South,18.26,157.9,3,Basic,3,0
01d74256-3860-4ab6-96a4-02f23ae8cc93,2025-09-08,25.0,Female,South,13.71,37.2,2,Premium,1,0
0f1259e0-a18f-46b6-b535-106e122c9a56,2024-05-17,64.0,,East,8.3,48.9,5,Standard,1,0
080aadfb-e7c9-4b26-9141-25c63a9bedd4,2024-12-08,52.0,Male,South,11.75,145.7,4,Premium,2,1
839fbc50-1223-4513-9496-f63cdc1110c1,2025-02-25,31.0,,West,16.88,103.9,4,Standard,2,0
7c441fe7-ab42-40a7-874a-493b3ceddf2d,2025-08-23,34.0,Male,North,12.72,153.4,3,Premium,2,1
b92da22b-21df-406f-8a0b-3c3336d8393a,2024-07-05,53.0,Female,West,19.78,29.6,2,Standard,1,0
93829b43-922f-415a-a1e3-db63ef7ddc76,2024-07-22,67.0,Male,North,11.26,111.9,4,Basic,0,0
7914c120-c8dc-419f-be35-11287900f7f9,2025-03-26,57.0,Male,North,16.48,82.0,3,Standard,3,0
1825bc54-30be-445f-a835-14f2ceb81f9d,2024-02-19,21.0,Non-binary,West,11.49,96.8,5,Premium,1,0
5ab33edf-6e59-4ed3-a8b3-17fa18d0752b,2023-11-16,19.0,Non-binary,West,17.6,124.8,4,,0,0
dd2467ac-778e-4db3-a93d-ffbc6c6fa611,2024-12-20,-10.0,Male,West,13.96,105.4,3,Standard,1,1
a748dbcf-ac61-4e63-8dde-29a6baa4b71a,2025-03-07,23.0,Male,West,6.88,112.6,3,Basic,0,0
0f844fef-1931-49ee-a56c-0941fbf24050,2025-06-24,71.0,Non-binary,East,6.51,102.4,1,Basic,0,0
ccf3a171-56dc-4907-ba6c-34ab6712303a,2025-01-17,59.0,Non-binary,South,7.86,87.7,5,Standard,1,1
310c0c00-3fa7-4104-9bf9-0e27dc96925e,2024-03-24,21.0,Non-binary,North,6.18,156.7,1,Standard,1,0
23e2fcb4-72d8-467d-894a-05e430b187ef,2023-12-06,71.0,Female,West,7.05,12.3,2,Premium,0,0
766ecb15-474e-4c19-aef9-12766c006f61,2025-03-12,46.0,Male,West,15.67,123.7,1,Basic,1,0
134c6c92-ec5b-427c-9fde-4fbf3ff350bf,2025-05-10,35.0,Non-binary,West,13.47,117.4,1,,0,0
db20a56e-dc81-4fe7-8eda-8bbb71710434,2024-05-09,43.0,Male,East,16.49,146.1,4,Basic,2,0
a6f2f7b8-0cf3-4b58-9910-8be58ce21ea3,2025-07-09,61.0,Female,West,18.77,123.8,3,Standard,1,0
03c72ba8-d605-4770-8a63-f881ffd0f9d5,2025-03-02,51.0,Female,West,14.18,167.1,5,Standard,2,1
c0e9ab30-ed26-42e9-97e0-11b7f8102383,2024-12-27,27.0,Non-binary,West,16.16,192.2,1,Basic,0,0
680ac07a-2a93-4d62-bc83-5dc0d9441fa5,2025-06-04,79.0,Female,South,16.59,75.1,5,Standard,0,0
dd59ba71-36b8-4481-bb3a-4e3e7c52fa17,2023-12-21,53.0,Male,East,11.28,53.2,1,Standard,1,1
2a25a888-0f02-4ad0-a706-7ef466aa9385,2025-05-28,31.0,Non-binary,West,9.37,90.5,2,Premium,1,0
63f2ae24-fc3d-4348-808d-4127610461e3,2024-11-30,48.0,Male,North,8.86,64.7,1,Standard,3,0
c8fe3ccd-c8b8-49c6-ad30-49cf43e458fc,2025-05-17,65.0,Male,North,9.51,126.8,4,Standard,1,0
b253d218-6c4a-47ea-8906-17f2747b6dba,2023-10-19,32.0,Female,North,9.84,183.3,3,Standard,0,1
c88a618e-fed4-457d-bb02-6576f512c4c3,2024-06-13,25.0,Female,East,8.89,36.4,2,Premium,0,0
7c967f79-b7e9-4aca-a970-65e18e46d534,2024-11-04,31.0,Female,East,18.29,29.2,1,Basic,2,0
37bb3eec-4bf5-4b52-b09d-258c27a0c3d7,2024-08-15,40.0,Female,North,16.59,58.6,5,Premium,1,0
bc594585-9445-48c0-8ef8-c2d6f7fd5646,2025-02-12,77.0,Female,West,6.65,148.0,2,Premium,1,0
504867ba-bf7b-439b-8f9a-ea4b8acd4e10,2024-07-01,74.0,Non-binary,East,9.75,122.7,2,Basic,0,1
7a0ecfea-958c-49ba-8cd6-20c20ea2622b,2023-11-10,79.0,Male,North,6.3,29.4,1,Premium,1,1
87f7e1fb-da4b-49ca-ab5c-f46780bacd64,2024-10-14,57.0,Male,North,12.96,184.6,2,Basic,0,0
82010c62-f5f5-4b22-8e8f-a8e0284d82e5,2025-02-01,38.0,,West,12.66,160.1,5,Premium,0,0
118a9d29-2f92-4996-99f1-95d014822f53,2024-06-09,33.0,Male,South,17.63,14.4,2,Basic,2,0
dca02eec-acda-4acc-9165-e21098543881,2023-09-27,,Female,East,10.3,133.8,5,Standard,2,1
f10c718b-1eb0-438a-a75d-d5af3c365296,2025-07-08,35.0,Male,West,17.42,156.5,1,Premium,1,0
94340a03-3f07-4814-91d6-3f78e3e9de99,2024-08-09,64.0,Non-binary,North,19.54,81.1,3,Premium,0,0
14fcdd54-9e8f-4965-8a2c-827e98326856,2025-06-17,70.0,Non-binary,North,7.23,23.1,2,Premium,1,0
90b2b633-956b-4c0c-a849-9b926b5252e3,2024-10-02,41.0,Male,West,17.08,24.7,3,Premium,2,0
42c18a62-ef48-48d5-90fd-9d3f85d51695,2023-12-08,,,East,14.25,29.8,5,Standard,1,0
506e5a9a-b758-488d-ab73-295b344a54b8,2024-08-19,42.0,Non-binary,South,12.71,169.7,2,Premium,3,0
21813d25-6552-48a6-83ff-50113d1a85dd,2024-06-25,77.0,Non-binary,South,11.88,183.0,4,Standard,0,0
750cab75-4ccc-4bc2-a53f-8a28abf3e3fc,2025-01-23,77.0,Female,North,16.98,33.3,3,Standard,2,1
ef8c485b-c07a-40f2-add4-253b50f0fd0a,2025-08-10,77.0,Non-binary,East,14.94,54.8,2,Standard,2,0
9f044aed-7552-4327-8262-7f7312922f83,2025-06-22,62.0,Female,South,17.26,41.4,3,Standard,0,0
19985f15-ff00-4d4d-9020-59e4ff9ab5c2,2024-09-09,58.0,,East,18.63,45.4,2,Basic,1,0
8181a8cc-3691-47eb-89a2-688b12c136e0,2025-03-20,-10.0,Female,East,14.63,169.1,1,Basic,2,0
5958a499-eeea-463e-a1e8-ac6843e42caf,2024-01-14,32.0,Female,North,19.72,73.1,3,Premium,0,0
3e896c64-e117-4ac3-919c-4ea3e1805081,2024-08-21,62.0,Female,South,14.5,69.2,4,Basic,1,0
702cdd20-2862-48b8-88f4-ef125e9953d2,2024-02-01,18.0,Male,West,14.9,53.2,4,Basic,1,0
4d71c366-b41b-4143-8b10-550cd5704f32,2025-04-09,42.0,Non-binary,North,13.76,125.5,5,Premium,1,0
ce9e1a11-fcbb-4e59-bbdd-cf7c9c96e9ec,2024-10-27,24.0,Female,South,7.26,82.1,2,Premium,1,0
aaf91531-0200-41f0-8768-a84fa76afde6,2025-02-04,26.0,Non-binary,South,16.16,151.4,3,Premium,1,0
ee87905e-4ca4-45ea-8dfa-6a56d12dbc9a,2024-04-14,,Non-binary,South,13.65,49.1,5,Basic,2,1
e0ccedc5-f05d-476e-9a84-a51aa9d3d7c7,2025-01-08,18.0,Female,South,12.3,159.7,3,Basic,0,0
e3c43657-1d8c-4bac-83b4-09ef2260e70f,2025-06-06,61.0,Male,South,18.74,124.7,2,Premium,0,1
27cb6f2a-8da0-4097-be0f-051b1b66b5a9,2025-09-01,25.0,Female,East,10.16,31.7,4,Standard,2,0
35ebd32d-9ad6-40ab-8821-2ddb45b89cd9,2024-11-09,41.0,Male,North,13.32,88.8,1,Premium,0,0
afffcfd2-341e-440b-97c7-00aab7b56ea7,2025-05-11,28.0,Non-binary,East,15.76,174.1,4,Standard,1,0
81627cf1-4394-42e6-9a58-7e8aa25d6b29,2024-09-27,68.0,Male,West,17.14,185.4,5,,2,0
e87d1c78-e7c4-41c7-8049-7b717d106c60,2024-09-13,34.0,Male,South,12.42,98.5,1,Premium,1,1
a2607723-17a0-4f49-8d01-280fd89a40c0,2024-08-21,25.0,Male,North,17.78,101.4,5,Premium,1,0
0b49452d-46d4-43f3-9450-281c6c6f7633,2025-06-20,52.0,Non-binary,South,16.75,184.5,2,Premium,2,1
217d65a0-c568-41cd-9563-f61600e85ece,2025-04-07,52.0,Non-binary,North,6.92,121.5,1,Basic,0,0
295d6fbf-430f-401d-bad4-09e2a319dcb4,2024-12-21,50.0,Male,East,6.63,16.2,5,Standard,2,0
b4a69f3c-8d3a-4d99-b11c-21c9bdc14f1f,2024-04-13,76.0,Male,North,14.68,183.4,2,Basic,0,0
1ca3c448-0279-46a6-8f97-97b06d7ce3c9,2024-05-25,22.0,Female,West,10.85,57.2,4,Basic,0,0
b0e6a969-e213-42b0-b1ee-dba313432e61,2025-07-10,59.0,Male,West,8.92,119.8,2,Premium,1,0
093923de-8bab-4e3b-a628-6bfbe767dcea,2024-03-26,56.0,Female,North,14.11,41.4,3,Basic,0,0
8d7248e2-951f-48d0-9e84-f058d5a804eb,2025-06-24,75.0,Male,North,10.77,16.4,2,Premium,0,0
0ab54bde-20a0-4502-ae06-809725e97977,2025-09-12,58.0,Female,North,13.51,69.2,2,Standard,0,0
eededb07-e623-4689-9d59-cd2a4eea04e7,not a date,45.0,Non-binary,North,12.43,158.3,3,Premium,0,0
0a368ce7-dc57-4131-b8e1-daa7cbceabde,2024-04-21,24.0,Male,West,14.18,62.7,5,Basic,1,1
ae9bec36-35c7-436c-9b99-62c6e61fecc0,2025-08-02,26.0,Male,South,11.59,51.8,5,Basic,1,1
5a8aaeca-1a50-4ec3-aabc-25fa3fe12e47,not a date,25.0,Male,North,15.76,50.4,2,Premium,2,0
dfed2c43-e256-46dc-8f54-86b7c7b5b2bc,2024-03-25,29.0,Male,North,8.51,107.9,3,Premium,1,0
bfddc3d9-9ee3-4c2a-b94d-62046808593f,2025-04-22,51.0,Female,West,15.74,195.4,3,Basic,0,0
3c9ad14c-ee0c-4eb5-acfe-db992790cebd,not a date,50.0,Male,West,11.75,97.2,4,Standard,3,1
ccc56569-f9e8-4369-a999-b735dd56cc94,2024-12-03,65.0,Non-binary,East,18.23,115.9,5,Standard,1,0
698c206f-e1a4-4e10-ad53-4dd0cf8ebc5a,2025-01-04,,Non-binary,North,13.2,173.5,1,Premium,0,0
ecab3301-bc8f-4d29-adea-94930658663a,2025-02-17,40.0,Male,East,19.61,111.7,5,Standard,2,1
696608aa-ee49-4329-884a-7b28550a1b46,2024-07-08,79.0,Non-binary,West,14.42,45.0,5,Basic,1,0
bc2cbb0d-dd33-4cc7-ab7f-089acd5f4822,2024-06-05,41.0,Male,West,9.12,66.9,4,Premium,1,0
28c13091-444d-410b-bf87-e362cf8d446a,2023-10-10,54.0,Male,South,17.5,68.9,1,Basic,1,0
61ee411a-1bac-47a7-b386-f7a4c991603f,2024-10-05,52.0,Non-binary,North,10.82,85.5,4,Basic,0,0
787f2425-dbcc-4477-89e9-db0adf465290,2025-07-09,61.0,Male,East,10.86,91.1,1,Standard,3,0
eb1fa9f2-d10b-41d0-b317-347038f16a81,2024-05-27,57.0,Non-binary,West,6.44,162.0,2,Premium,1,0
d20eac17-4e20-4d1a-9983-36e375d66ed4,2024-02-06,39.0,Female,West,13.67,76.4,1,Premium,4,0
39118497-3a43-42ba-9f0f-06cbcb9bc326,2024-09-30,44.0,Male,East,13.47,99.0,4,Standard,1,0
6601ddd0-3170-4437-a8f7-ef5a060edf5b,2024-02-29,,Female,South,10.97,128.7,5,Basic,1,1
11c58ef0-dd46-4c09-8752-87aa5408f9ac,2024-06-19,18.0,Non-binary,West,18.51,81.8,1,Basic,3,0
59e4b671-4774-4c58-85f8-bc16f7860b50,2025-05-29,52.0,Female,North,7.79,168.9,1,Basic,0,0
adf4e62d-6651-429e-8268-690ba43825b5,2024-04-05,54.0,Female,West,10.61,121.6,3,Basic,0,0
54c63cd8-8945-4f27-97fa-2d8dfb2ca025,2024-06-08,64.0,Non-binary,North,10.49,65.9,5,Premium,0,1
e08596db-1d87-4966-8710-d430f071d879,2024-04-22,31.0,Female,East,7.28,145.7,2,Premium,0,0
94a1875d-2db6-4edb-82de-ffccf86c2ca2,2025-08-01,20.0,Female,North,12.73,110.3,4,Standard,2,0
09cb3942-43f5-4a85-bbc9-f87af668a617,2024-12-24,18.0,Non-binary,East,15.62,111.5,2,Standard,1,1
587ef344-6f3f-420c-98b8-e4cc1bc044fc,2025-03-15,22.0,Female,North,13.15,101.4,5,Premium,1,1
6fb78271-504d-481f-8953-5b63ba81edd9,2025-08-01,43.0,Non-binary,East,8.19,104.4,1,Premium,4,0
1d9af659-82ec-4f2d-bbf6-e16f9b3080d5,2024-04-19,72.0,Female,North,11.27,155.4,1,Basic,1,1
30a900ad-939b-462d-a645-f129629c2ae3,2024-11-22,31.0,Non-binary,South,6.03,29.6,5,Basic,1,0
6fa17735-b572-43d0-8b5c-ea6a41357e8c,2023-09-25,56.0,Non-binary,North,18.15,73.5,1,Standard,4,0
ce777f00-ecf2-4e76-8519-7ff4006ed6e3,2024-10-23,44.0,Female,North,7.17,24.3,1,Premium,0,0
f0b5156b-b82c-4074-afd5-dea589d7fd6c,2024-02-13,26.0,Female,South,14.35,153.1,1,Standard,1,0
3270e4fa-abae-4f43-bcae-8081bdf070aa,2023-11-23,32.0,Female,West,19.8,61.7,4,Premium,1,0
f2e9702d-11e9-4daa-ae69-81a35d3d9e56,2024-03-23,32.0,Male,West,13.5,180.5,4,Basic,3,0
9f871ce7-5487-4d4f-abb7-a385aa0b7b14,2025-03-30,43.0,Male,North,18.93,110.0,3,Standard,3,0
1fe771d6-d917-4793-a9d3-c2e6505cc686,2024-07-29,59.0,Male,South,9.3,162.1,2,Standard,1,0
81d2c7de-4ce1-4b90-a669-7833b841d0a0,2024-10-01,77.0,Non-binary,North,16.63,196.0,5,Premium,1,1
5380b904-688c-4015-aab9-7e494f2d4796,2024-11-22,30.0,Female,East,13.43,169.6,5,Basic,0,0
8dedf9fb-4bb0-4f20-b27c-40266703b636,2025-04-28,68.0,Non-binary,East,16.08,174.7,5,Standard,0,0
aa38d0a1-6ba2-4efe-b11c-6eb62095eef6,2024-03-22,49.0,,North,6.86,87.5,3,Basic,0,0
bf85bf0e-ad64-456c-a10f-aa3ff0bbac67,2025-03-07,56.0,Female,West,8.06,114.8,4,Standard,0,1
91b0e1d9-9d92-42af-ac8d-0e44e71e43a6,2024-09-21,66.0,Non-binary,West,7.85,58.2,3,Basic,0,0
d56f0350-8c45-4ce2-a7f4-8ad54d0b0d1a,2025-01-31,69.0,Female,North,15.61,47.3,5,Premium,3,1
35ce8841-4973-4d6c-8dca-bfb7001a9a8b,not a date,78.0,Non-binary,North,17.81,106.0,2,Standard,0,0
9b4e2c24-9479-41e6-8927-7d9b6e0d2648,TBD,49.0,Female,East,16.48,123.1,1,Standard,1,0
7118e364-7709-4749-927e-ecfaa79ac9aa,2024-08-31,21.0,Male,West,6.42,74.5,4,Basic,0,0
82dc4c8e-36b5-429a-acf5-e81e71316269,2025-05-25,47.0,Male,North,18.13,118.2,4,,1,0
f5b78cc7-e6b3-4944-8b32-3e357922bac2,2023-10-01,54.0,Female,East,10.95,178.6,3,Standard,2,0
a8aa7158-2b70-4525-bc67-f831cbc84759,2023-11-29,40.0,Non-binary,West,11.55,115.8,4,Premium,0,1
a9f25336-83f4-49a9-88a6-39d015b52908,2024-05-03,150.0,Male,South,7.46,147.0,5,Basic,1,0
17e8392a-55ce-45db-9e87-e04ca2086977,2024-03-08,62.0,Male,East,16.31,163.0,5,Basic,0,0
3c20592f-c04a-46c4-b3b6-3fe1d1843324,2024-07-28,32.0,Male,West,8.54,197.9,3,Basic,1,1
ce7ae7f6-3982-4cff-8f77-a665ac3c5640,2025-03-08,-10.0,Female,West,13.89,124.6,5,Standard,2,0
0bd4a990-0640-4e0f-a5b8-fd4b32fa2de8,2024-03-24,46.0,Female,East,17.76,163.3,2,Standard,0,1
9c7c7377-79a2-4903-bbe3-3b243eae0032,2024-05-12,53.0,Non-binary,South,7.24,192.9,3,Standard,0,0
74962764-12a4-4ef0-84bb-b7a9d98868dd,2025-02-14,30.0,Non-binary,East,13.48,189.4,2,,0,0
935f2b0a-a138-4ddc-a2d9-de5d6a18ce4c,2024-12-12,49.0,Non-binary,West,9.26,36.8,1,Premium,0,0
624c69b6-b244-45a7-b7e5-848131c681ec,2024-06-30,24.0,Female,North,10.79,87.2,2,Premium,1,0
25c73c44-3e75-43b4-a64f-a6637e8f8095,2024-09-19,76.0,Female,North,12.63,71.6,1,,3,1
e4855aa1-016b-4287-b008-05cca7f36ae9,2024-11-20,68.0,Non-binary,East,10.96,26.5,1,Premium,0,0
e2add909-c521-4f2d-9c45-d539c03f3538,2024-11-03,39.0,Non-binary,West,15.07,130.3,2,Basic,1,0
3805f907-6cd6-4193-8746-8f591b494e15,2024-06-11,45.0,Female,North,12.7,149.8,3,Basic,1,0
b227462c-f53d-4330-8dda-24ba2d06e8cf,2024-08-13,19.0,Non-binary,West,14.17,171.1,5,Basic,2,0
8eb22579-0cdb-4ca4-b6ec-bdd68498e113,2025-04-19,59.0,Male,East,16.31,33.3,5,Standard,0,1
1f115b76-d92c-4227-aadf-50853fcb7546,2024-11-18,62.0,Female,North,13.8,176.5,1,Basic,1,0
76f2dbfe-cd29-436f-a222-82e174daaebf,2024-05-31,79.0,Non-binary,West,14.2,132.2,1,Premium,2,0
8f15ba58-fce6-4504-87f8-424daae65fc1,2024-06-17,,Female,North,13.89,143.7,3,Standard,1,1
c1581092-f335-4ba3-913a-7052986f9025,2025-03-16,70.0,Male,East,11.29,183.0,4,Premium,0,0
d0a44432-9cd6-4852-b14c-7df4e4347d51,2024-09-04,23.0,Female,West,10.71,128.7,2,Basic,0,1
6d3ee1dc-8139-4443-a45b-712eb8225688,2024-04-15,45.0,Female,North,18.59,73.8,1,Basic,1,0
722764e6-8c41-461b-a827-a1b9d4a02e53,2024-05-13,45.0,Female,East,14.5,166.8,5,Basic,1,0
dc8aee30-be60-43f7-a8be-9288e5af6e39,2024-03-31,61.0,Female,North,9.41,79.0,3,Standard,0,0
c074718e-425a-409f-b337-c59979844388,2024-03-15,61.0,Male,North,12.97,16.5,2,Premium,0,0
46fde062-a33d-47af-9701-410d3f4b1a70,2023-12-20,37.0,Female,South,10.61,167.8,3,Standard,3,1
7c0e8cd8-8573-4793-8715-b2b9c40c5d91,2025-03-31,47.0,Female,South,19.06,75.6,2,Standard,0,0
709b7d97-464c-44af-bd3f-3799a07295e9,TBD,79.0,Non-binary,East,6.1,157.0,2,Basic,1,0
3c07c574-4925-4af1-b6aa-e05b13d5f2f7,2024-05-20,28.0,Female,South,9.14,78.9,1,Standard,1,0
e49d681d-51d8-4c64-95fa-1ab8458f1f19,2023-12-19,75.0,Non-binary,East,11.1,173.6,3,Standard,1,0
269cd696-236c-4b87-94a0-bccb8a476a87,2025-04-17,72.0,Male,South,12.82,51.7,3,Basic,0,0
271e3ee2-b1a6-41f1-a20e-99d33b33f3d8,2024-11-07,45.0,Male,North,17.9,195.2,5,Standard,1,1
6a34c854-1071-4d51-b6c5-9dacb4d7e28e,2025-05-02,42.0,Male,East,7.22,158.2,5,Basic,1,0
7746d0ba-8ae8-405b-94b4-a48268586eba,2025-03-07,56.0,Male,East,17.27,31.7,1,Basic,1,0
d5385b0e-34f3-493c-8ff0-a55c6a702e2f,2024-02-08,,Non-binary,North,6.77,117.5,1,Basic,3,0
c51155ff-e7a3-4e81-a3b4-c08b6b8e869f,2024-02-13,50.0,Female,East,17.78,197.2,4,Basic,1,0
05000bc6-b20d-4b6e-b231-1f1795863a76,2024-03-04,18.0,Male,East,6.71,99.5,5,Standard,0,0
9360715f-c3fe-4183-a172-b725db52ca58,2025-04-13,74.0,Female,South,6.25,44.6,2,Basic,1,0
f1578470-0182-47c4-ba1b-58066160a6b4,2024-09-28,44.0,Non-binary,East,15.75,102.1,3,Basic,2,1
63d62a39-c0e3-4efd-8c71-e0fe5a0cdd7c,2024-04-19,79.0,,West,19.95,107.4,1,Standard,3,0
d5f25073-f414-42b1-a442-9ebbda7b9095,2025-04-02,74.0,Non-binary,North,18.54,150.9,3,Standard,0,0
bc10fa52-bf5d-4fdf-89c8-d2ab6b44fa8d,2024-12-18,69.0,Male,South,14.05,142.8,3,Premium,1,0
e5d6f6e6-9a6e-42f5-8cc4-29038bcf53a1,2025-04-30,30.0,Female,South,18.83,86.5,4,Standard,2,1
45df16b6-382c-443f-bcfc-9b793875394c,2024-10-29,58.0,Female,West,6.06,51.4,5,,0,0
638c254c-076e-4bba-bc53-08bf6f92f25e,2024-12-24,20.0,Female,North,19.64,132.6,1,Premium,0,0
cc530e36-addc-4e13-ab3b-4d37560c95ee,2024-04-24,,,North,12.86,90.1,3,Standard,1,0
d72b6108-2a40-4f12-b963-f37f67814c1f,2023-12-05,23.0,Male,South,16.11,35.1,1,Standard,0,0
fb10987f-20ac-4703-ab67-146a77a6e17c,2025-06-25,25.0,Non-binary,East,17.48,181.1,2,Standard,0,0